candidate_id,rank,score,reasoning
CAND_0064326,1,1.1646,"Excellent fit with 7.6 years of experience as a Search Engineer based in Gurgaon, Haryana, specializing in PyTorch, Milvus, Deep Learning. Strong backend alignment matching the founding team's search and retrieval mandate."
CAND_0061257,2,1.1281,"Excellent fit with 8.0 years of experience as a Staff Machine Learning Engineer based in Noida, Uttar Pradesh, specializing in PEFT, Machine Learning, Information Retrieval Systems. Highly available with a short notice period of 30 days and active platform engagement."
CAND_0043637,3,1.0993,"Excellent fit with 5.5 years of experience as a Junior ML Engineer based in Delhi, Delhi, specializing in PyTorch, Milvus, QLoRA. Strong backend alignment matching the founding team's search and retrieval mandate."
CAND_0008295,4,1.0429,"Excellent fit with 6.5 years of experience as a AI Research Engineer based in Pune, Maharashtra, specializing in PEFT, Weaviate, QLoRA. Strong backend alignment matching the founding team's search and retrieval mandate."
CAND_0052682,5,1.0394,"Excellent fit with 6.6 years of experience as a NLP Engineer based in Vizag, Andhra Pradesh, specializing in QLoRA, Semantic Search, FAISS. Highly available with a short notice period of 30 days and active platform engagement."
CAND_0053605,6,1.0382,"Excellent fit with 6.9 years of experience as a Senior Software Engineer (ML) based in Noida, Uttar Pradesh, specializing in Semantic Search, RAG. Highly available with a short notice period of 30 days and active platform engagement."
CAND_0050454,7,1.033,"Excellent fit with 6.8 years of experience as a AI Engineer based in Delhi, Delhi, specializing in PyTorch, QLoRA, Fine-tuning LLMs. Highly available with a short notice period of 30 days and active platform engagement."
CAND_0052328,8,1.0316,"Excellent fit with 6.5 years of experience as a Recommendation Systems Engineer based in Pune, Maharashtra, specializing in LoRA, OpenSearch, QLoRA. Highly available with a short notice period of 30 days and active platform engagement."
CAND_0068351,9,1.0265,"Excellent fit with 6.4 years of experience as a Lead AI Engineer based in Delhi, Delhi, specializing in Deep Learning, Qdrant, Elasticsearch. Highly available with a short notice period of 0 days and active platform engagement."
CAND_0098217,10,1.0174,"Excellent fit with 6.4 years of experience as a ML Engineer based in Noida, Uttar Pradesh, specializing in PEFT, FAISS, Learning to Rank. Strong backend alignment matching the founding team's search and retrieval mandate."
CAND_0066690,11,1.0149,"Excellent fit with 4.8 years of experience as a ML Engineer based in Gurgaon, Haryana, specializing in Hugging Face Transformers, Sentence Transformers, Semantic Search. Highly available with a short notice period of 30 days and active platform engagement."
CAND_0081846,12,1.0111,"Excellent fit with 6.7 years of experience as a Lead AI Engineer based in Jaipur, Rajasthan, specializing in Information Retrieval, Learning to Rank, Elasticsearch. Highly available with a short notice period of 30 days and active platform engagement."
CAND_0043860,13,1.004,"Excellent fit with 6.1 years of experience as a Junior ML Engineer based in Bhubaneswar, Odisha, specializing in Semantic Search, Information Retrieval, Deep Learning. Highly available with a short notice period of 30 days and active platform engagement."
CAND_0077337,14,1.0037,"Excellent fit with 7.0 years of experience as a Staff Machine Learning Engineer based in Kochi, Kerala, specializing in Semantic Search, QLoRA, Pinecone. Strong backend alignment matching the founding team's search and retrieval mandate."
CAND_0041669,15,0.9973,"Excellent fit with 8.0 years of experience as a Recommendation Systems Engineer based in Noida, Uttar Pradesh, specializing in FAISS, Milvus, PEFT. Strong backend alignment matching the founding team's search and retrieval mandate."
CAND_0006418,16,0.9952,"Strong candidate with 5.7 years experience as a Machine Learning Engineer, specializing in Semantic Search, Embeddings, TensorFlow. Stated location is Gurgaon, Haryana and marked 'Open to Work' with strong platform activity."
CAND_0026942,17,0.9915,"Strong candidate with 6.0 years experience as a Junior ML Engineer, specializing in Learning to Rank, TensorFlow, Information Retrieval. Stated location is Chandigarh, Chandigarh and marked 'Open to Work' with strong platform activity."
CAND_0046132,18,0.9894,"Strong candidate with 4.3 years experience as a AI Research Engineer, specializing in Information Retrieval, PyTorch, Fine-tuning LLMs. Stated location is Noida, Uttar Pradesh and marked 'Open to Work' with strong platform activity."
CAND_0003841,19,0.9849,"Strong candidate with 5.0 years experience as a ML Engineer, specializing in Airflow, Pinecone, Fine-tuning LLMs. Stated location is Pune, Maharashtra and marked 'Open to Work' with strong platform activity."
CAND_0046459,20,0.9848,"Strong candidate with 4.5 years experience as a AI Research Engineer, specializing in Qdrant, Semantic Search, Machine Learning. Stated location is Pune, Maharashtra and marked 'Open to Work' with strong platform activity."
CAND_0046064,21,0.9773,"Strong candidate with 8.9 years experience as a Senior NLP Engineer, specializing in Pinecone, OpenSearch, PEFT. Stated location is Coimbatore, Tamil Nadu and marked 'Open to Work' with strong platform activity."
CAND_0037160,22,0.9742,"Strong candidate with 6.0 years experience as a Data Scientist, specializing in Deep Learning, LLMs, Weaviate. Stated location is Mumbai, Maharashtra and marked 'Open to Work' with strong platform activity."
CAND_0033179,23,0.965,"Strong candidate with 6.9 years experience as a AI Research Engineer, specializing in Hugging Face Transformers, OpenSearch, PyTorch. Stated location is Ahmedabad, Gujarat and marked 'Open to Work' with strong platform activity."
CAND_0010685,24,0.9631,"Strong candidate with 6.7 years experience as a NLP Engineer, specializing in Deep Learning, PyTorch, Information Retrieval. Stated location is Kolkata, West Bengal and marked 'Open to Work' with strong platform activity."
CAND_0018499,25,0.9616,"Strong candidate with 7.2 years experience as a Senior Machine Learning Engineer, specializing in Deep Learning, Weaviate, Recommendation Systems. Stated location is Noida, Uttar Pradesh and marked 'Open to Work' with strong platform activity."
CAND_0079387,26,0.9598,"Strong candidate with 6.9 years experience as a AI Engineer, specializing in Recommendation Systems, Sentence Transformers, Vector Search. Stated location is Trivandrum, Kerala and marked 'Open to Work' with strong platform activity."
CAND_0062247,27,0.9545,"Strong candidate with 7.3 years experience as a AI Engineer, specializing in Pinecone, Vector Search, Qdrant. Stated location is Kochi, Kerala and marked 'Open to Work' with strong platform activity."
CAND_0007596,28,0.9479,"Strong candidate with 4.4 years experience as a Junior ML Engineer, specializing in Machine Learning, Weaviate, Vector Search. Stated location is Delhi, Delhi and marked 'Open to Work' with strong platform activity."
CAND_0068075,29,0.9328,"Strong candidate with 5.0 years experience as a Software Engineer, specializing in QLoRA, PyTorch, LLMs. Stated location is Hyderabad, Telangana and marked 'Open to Work' with strong platform activity."
CAND_0025640,30,0.9311,"Strong candidate with 5.6 years experience as a AI Research Engineer, specializing in Semantic Search, PEFT, Information Retrieval. Stated location is Jaipur, Rajasthan and marked 'Open to Work' with strong platform activity."
CAND_0033445,31,0.9294,"Strong candidate with 6.8 years experience as a ML Engineer, specializing in Deep Learning, Information Retrieval, Recommendation Systems. Stated location is Ahmedabad, Gujarat and marked 'Open to Work' with strong platform activity."
CAND_0046525,32,0.9279,"Strong candidate with 6.1 years experience as a Senior Machine Learning Engineer, specializing in Elasticsearch, Machine Learning, Information Retrieval. Stated location is Pune, Maharashtra and marked 'Open to Work' with strong platform activity."
CAND_0064256,33,0.9263,"Strong candidate with 6.4 years experience as a Junior ML Engineer, specializing in PyTorch, Embeddings, Hugging Face Transformers. Stated location is Kolkata, West Bengal and marked 'Open to Work' with strong platform activity."
CAND_0027691,34,0.9235,"Strong candidate with 6.5 years experience as a NLP Engineer, specializing in LoRA, PEFT, Recommendation Systems. Stated location is Pune, Maharashtra and marked 'Open to Work' with strong platform activity."
CAND_0071974,35,0.9222,"Strong candidate with 7.8 years experience as a Senior AI Engineer, specializing in LoRA, Learning to Rank, Weaviate. Stated location is Vizag, Andhra Pradesh and marked 'Open to Work' with strong platform activity."
CAND_0043384,36,0.9203,"Strong candidate with 5.2 years experience as a Computer Vision Engineer, specializing in Hugging Face Transformers, LLMs, PyTorch. Stated location is Chennai, Tamil Nadu and marked 'Open to Work' with strong platform activity."
CAND_0070514,37,0.9198,"Strong candidate with 5.5 years experience as a AI Specialist, specializing in Pinecone, PEFT, LoRA. Stated location is Bangalore, Karnataka and marked 'Open to Work' with strong platform activity."
CAND_0093912,38,0.9195,"Strong candidate with 5.3 years experience as a Senior Data Scientist, specializing in Milvus, Embeddings, Recommendation Systems. Stated location is Chandigarh, Chandigarh and marked 'Open to Work' with strong platform activity."
CAND_0002025,39,0.9185,"Strong candidate with 5.9 years experience as a Senior AI Engineer, specializing in FAISS, TensorFlow, OpenSearch. Stated location is Trivandrum, Kerala and marked 'Open to Work' with strong platform activity."
CAND_0043676,40,0.9182,"Strong candidate with 6.1 years experience as a Senior Software Engineer (ML), specializing in QLoRA, PEFT, Semantic Search. Stated location is Delhi, Delhi and marked 'Open to Work' with strong platform activity."
CAND_0053591,41,0.9152,"Strong candidate with 5.3 years experience as a AI Engineer, specializing in Embeddings, Milvus, OpenSearch. Stated location is Toronto and marked 'Open to Work' with strong platform activity."
CAND_0007052,42,0.9148,"Strong candidate with 6.5 years experience as a ML Engineer, specializing in RAG, Deep Learning, Weaviate. Stated location is Pune, Maharashtra and marked 'Open to Work' with strong platform activity."
CAND_0060054,43,0.914,"Strong candidate with 6.4 years experience as a AI Engineer, specializing in TensorFlow, Weaviate, FAISS. Solid background in applied ML and system building, currently residing in Jaipur, Rajasthan."
CAND_0080534,44,0.912,"Strong candidate with 3.8 years experience as a ML Engineer, specializing in Elasticsearch, OpenSearch, Airflow. Stated location is Vizag, Andhra Pradesh and marked 'Open to Work' with strong platform activity."
CAND_0004402,45,0.9113,"Strong candidate with 6.0 years experience as a AI Research Engineer, specializing in OpenSearch, PEFT, PyTorch. Stated location is Delhi, Delhi and marked 'Open to Work' with strong platform activity."
CAND_0020708,46,0.9086,"Strong candidate with 4.2 years experience as a Search Engineer, specializing in NLP, Learning to Rank, Elasticsearch. Stated location is Indore, Madhya Pradesh and marked 'Open to Work' with strong platform activity."
CAND_0030031,47,0.9082,"Strong candidate with 5.7 years experience as a AI Engineer, specializing in Information Retrieval, PyTorch, NLP. Solid background in applied ML and system building, currently residing in Trivandrum, Kerala."
CAND_0055951,48,0.9054,"Strong candidate with 7.2 years experience as a Analytics Engineer, specializing in PEFT, Hugging Face Transformers, LLMs. Stated location is Indore, Madhya Pradesh and marked 'Open to Work' with strong platform activity."
CAND_0058688,49,0.9006,"Strong candidate with 6.7 years experience as a AI Engineer, specializing in Embeddings, TensorFlow, Information Retrieval. Stated location is Berlin and marked 'Open to Work' with strong platform activity."
CAND_0073007,50,0.8994,"Strong candidate with 5.8 years experience as a AI Specialist, specializing in Milvus, PyTorch, Embeddings. Stated location is Bangalore, Karnataka and marked 'Open to Work' with strong platform activity."
CAND_0054394,51,0.8976,"Adjacent candidate with 4.1 years experience as a Recommendation Systems Engineer based in Pune, Maharashtra. Relevant skills in software engineering with interest transitioning to ML workloads."
CAND_0061550,52,0.8966,"Adjacent candidate with 5.3 years experience as a ML Engineer based in Noida, Uttar Pradesh. Relevant skills in software engineering with interest transitioning to ML workloads."
CAND_0066999,53,0.8919,"Adjacent candidate with 5.9 years experience as a Recommendation Systems Engineer based in Delhi, Delhi. Relevant skills in software engineering with interest transitioning to ML workloads."
CAND_0036184,54,0.8905,"Adjacent candidate with 6.0 years experience as a Recommendation Systems Engineer based in Trivandrum, Kerala. Relevant skills in software engineering with interest transitioning to ML workloads."
CAND_0037264,55,0.8897,"Adjacent candidate with 7.1 years experience as a Analytics Engineer based in Noida, Uttar Pradesh. Relevant skills in software engineering with interest transitioning to ML workloads."
CAND_0013440,56,0.8883,"Adjacent candidate with 7.2 years experience as a Senior Data Engineer based in Noida, Uttar Pradesh. Relevant skills in software engineering with interest transitioning to ML workloads."
CAND_0019880,57,0.8867,"Adjacent candidate with 5.7 years experience as a AI Specialist based in Pune, Maharashtra. Relevant skills in software engineering with interest transitioning to ML workloads."
CAND_0076482,58,0.8836,Adjacent candidate with 6.6 years experience as a ML Engineer based in Austin. Relevant skills in software engineering with interest transitioning to ML workloads.
CAND_0062413,59,0.8826,"Adjacent candidate with 6.6 years experience as a AI Research Engineer based in Mumbai, Maharashtra. Relevant skills in software engineering with interest transitioning to ML workloads."
CAND_0040887,60,0.8813,Adjacent candidate with 4.7 years experience as a Machine Learning Engineer based in Toronto. Relevant skills in software engineering with interest transitioning to ML workloads.
CAND_0082262,61,0.8786,"Adjacent candidate with 5.9 years experience as a Senior Software Engineer (ML) based in Bangalore, Karnataka. Relevant skills in software engineering with interest transitioning to ML workloads."
CAND_0014440,62,0.8784,"Adjacent candidate with 6.4 years experience as a Recommendation Systems Engineer based in Chennai, Tamil Nadu. Relevant skills in software engineering with interest transitioning to ML workloads."
CAND_0098846,63,0.8754,"Adjacent candidate with 7.6 years experience as a AI Engineer based in Indore, Madhya Pradesh. Relevant skills in software engineering with interest transitioning to ML workloads."
CAND_0063622,64,0.8707,"Adjacent candidate with 5.2 years experience as a Computer Vision Engineer based in Hyderabad, Telangana. Relevant skills in software engineering with interest transitioning to ML workloads."
CAND_0023861,65,0.8701,"Adjacent candidate with 7.9 years experience as a Software Engineer based in Hyderabad, Telangana. Relevant skills in software engineering with interest transitioning to ML workloads."
CAND_0077498,66,0.8697,"Adjacent candidate with 5.4 years experience as a Senior Software Engineer (ML) based in Ahmedabad, Gujarat. Relevant skills in software engineering with interest transitioning to ML workloads."
CAND_0059795,67,0.8679,"Adjacent candidate with 5.6 years experience as a Senior Software Engineer (ML) based in Mumbai, Maharashtra. Relevant skills in software engineering with interest transitioning to ML workloads."
CAND_0073314,68,0.8667,"Adjacent candidate with 5.2 years experience as a Senior Software Engineer (ML) based in Noida, Uttar Pradesh. Relevant skills in software engineering with interest transitioning to ML workloads."
CAND_0005193,69,0.8662,"Adjacent candidate with 6.2 years experience as a Senior Software Engineer based in Hyderabad, Telangana. Relevant skills in software engineering with interest transitioning to ML workloads."
CAND_0073504,70,0.8646,"Adjacent candidate with 6.6 years experience as a Junior ML Engineer based in Gurgaon, Haryana. Relevant skills in software engineering with interest transitioning to ML workloads."
CAND_0072688,71,0.8626,"Adjacent candidate with 6.9 years experience as a Data Scientist based in Pune, Maharashtra. Relevant skills in software engineering with interest transitioning to ML workloads."
CAND_0079984,72,0.8622,"Adjacent candidate with 6.6 years experience as a Software Engineer based in Gurgaon, Haryana. Relevant skills in software engineering with interest transitioning to ML workloads."
CAND_0099806,73,0.861,"Adjacent candidate with 4.6 years experience as a AI Engineer based in Bhubaneswar, Odisha. Relevant skills in software engineering with interest transitioning to ML workloads."
CAND_0049540,74,0.8586,"Adjacent candidate with 6.8 years experience as a ML Engineer based in Trivandrum, Kerala. Relevant skills in software engineering with interest transitioning to ML workloads."
CAND_0078042,75,0.8564,Adjacent candidate with 4.7 years experience as a Applied ML Engineer based in Dubai. Relevant skills in software engineering with interest transitioning to ML workloads.
CAND_0024147,76,0.8557,"Adjacent candidate with 5.9 years experience as a ML Engineer based in Jaipur, Rajasthan. Relevant skills in software engineering with interest transitioning to ML workloads."
CAND_0070525,77,0.855,"Adjacent candidate with 5.4 years experience as a Senior Software Engineer (ML) based in Hyderabad, Telangana. Relevant skills in software engineering with interest transitioning to ML workloads."
CAND_0017178,78,0.8544,"Adjacent candidate with 4.2 years experience as a ML Engineer based in Hyderabad, Telangana. Relevant skills in software engineering with interest transitioning to ML workloads."
CAND_0054546,79,0.8526,"Adjacent candidate with 4.9 years experience as a AI Research Engineer based in Pune, Maharashtra. Relevant skills in software engineering with interest transitioning to ML workloads."
CAND_0097176,80,0.8511,"Adjacent candidate with 5.9 years experience as a ML Engineer based in Gurgaon, Haryana. Relevant skills in software engineering with interest transitioning to ML workloads."
CAND_0005704,81,0.8502,"Adjacent candidate with 3.3 years experience as a ML Engineer based in Bangalore, Karnataka. Relevant skills in software engineering with interest transitioning to ML workloads."
CAND_0054123,82,0.8484,"Adjacent candidate with 4.7 years experience as a Applied ML Engineer based in Gurgaon, Haryana. Relevant skills in software engineering with interest transitioning to ML workloads."
CAND_0040178,83,0.8483,"Adjacent candidate with 5.0 years experience as a ML Engineer based in Pune, Maharashtra. Relevant skills in software engineering with interest transitioning to ML workloads."
CAND_0032887,84,0.8481,Adjacent candidate with 6.1 years experience as a ML Engineer based in Singapore. Relevant skills in software engineering with interest transitioning to ML workloads.
CAND_0048558,85,0.8479,"Adjacent candidate with 6.7 years experience as a Data Scientist based in Noida, Uttar Pradesh. Relevant skills in software engineering with interest transitioning to ML workloads."
CAND_0078492,86,0.8476,"Adjacent candidate with 5.1 years experience as a Recommendation Systems Engineer based in Kochi, Kerala. Relevant skills in software engineering with interest transitioning to ML workloads."
CAND_0025882,87,0.8462,"Adjacent candidate with 5.6 years experience as a Senior Software Engineer (ML) based in Chennai, Tamil Nadu. Relevant skills in software engineering with interest transitioning to ML workloads."
CAND_0091552,88,0.8424,"Adjacent candidate with 7.8 years experience as a Software Engineer based in Bangalore, Karnataka. Relevant skills in software engineering with interest transitioning to ML workloads."
CAND_0037566,89,0.8415,"Adjacent candidate with 6.9 years experience as a Machine Learning Engineer based in Bangalore, Karnataka. Relevant skills in software engineering with interest transitioning to ML workloads."
CAND_0075574,90,0.8411,"Adjacent candidate with 5.7 years experience as a Machine Learning Engineer based in Bangalore, Karnataka. Relevant skills in software engineering with interest transitioning to ML workloads."
CAND_0082086,91,0.8362,"Adjacent candidate with 6.0 years experience as a Senior Software Engineer (ML) based in Delhi, Delhi. Relevant skills in software engineering with interest transitioning to ML workloads."
CAND_0064888,92,0.8356,"Adjacent candidate with 5.8 years experience as a ML Engineer based in Vizag, Andhra Pradesh. Relevant skills in software engineering with interest transitioning to ML workloads."
CAND_0037980,93,0.835,"Adjacent candidate with 9.0 years experience as a Senior Applied Scientist based in Kolkata, West Bengal. Relevant skills in software engineering with interest transitioning to ML workloads."
CAND_0018549,94,0.833,"Adjacent candidate with 6.8 years experience as a Recommendation Systems Engineer based in Coimbatore, Tamil Nadu. Relevant skills in software engineering with interest transitioning to ML workloads."
CAND_0090093,95,0.8325,"Adjacent candidate with 4.4 years experience as a Data Scientist based in Noida, Uttar Pradesh. Relevant skills in software engineering with interest transitioning to ML workloads."
CAND_0018246,96,0.8321,"Adjacent candidate with 4.7 years experience as a ML Engineer based in Bangalore, Karnataka. Relevant skills in software engineering with interest transitioning to ML workloads."
CAND_0018094,97,0.8295,"Adjacent candidate with 5.2 years experience as a ML Engineer based in Bangalore, Karnataka. Relevant skills in software engineering with interest transitioning to ML workloads."
CAND_0080051,98,0.829,"Adjacent candidate with 5.2 years experience as a Data Scientist based in Gurgaon, Haryana. Relevant skills in software engineering with interest transitioning to ML workloads."
CAND_0012837,99,0.8288,"Adjacent candidate with 6.4 years experience as a Junior ML Engineer based in Chandigarh, Chandigarh. Relevant skills in software engineering with interest transitioning to ML workloads."
CAND_0045887,100,0.8286,"Adjacent candidate with 3.0 years experience as a Data Scientist based in Chennai, Tamil Nadu. Relevant skills in software engineering with interest transitioning to ML workloads."
